Column,Count,Description,FileTag
gvkey,112789.0,Global Company Key - Key Selection,Multiple Files
datadate,112789.0,Data Date,Multiple Files
fyear,112789.0,Data Year - Fiscal,DES_ANN
indfmt,112789.0,Not found,Not found
consol,112789.0,Level of Consolidation,CCM_FILEDATE
popsrc,112789.0,Population Source,R_FNDFNTCD
datafmt,112789.0,Not found,Not found
tic,112789.0,Historical Ticker/Trading Symbol,SECHIST
cusip,112789.0,CUSIP,SECLIST
conm,112789.0,Company Name,COMPANY
ajp,112789.0,Adjustment Factor (Company) - Cumulative by Payable Date,DES_ANN
curcd,112789.0,ISO Currency Code,DES_ANN
curncd,112789.0,Native Currency Code,DES_ANN
currtr,112789.0,Currency Translation Rate,DES_ANN
fyr,112789.0,Fiscal Year-end Month,DES_ANN
pddur,112789.0,Period Duration,DES_ANN
src,112789.0,Source Document,DES_ANN
upd,112789.0,Update Code,DES_ANN
at,112789.0,Assets - Total,BAL_ANN_INDL
lse,112789.0,Liabilities & Stockholders Equity - Total,BAL_ANN_INDL
seq,112789.0,Stockholders Equity - Parent,IDXANN
exchg,112789.0,Stock Exchange,SECURITY
costat,112789.0,Active/Inactive Status Marker,COMPANY
fic,112789.0,ISO Country Code - Incorporation,COMPANY
mkvalt,112789.0,Market Value - Total,Multiple Files
add1,112789.0,Address Line 1,COMPANY
busdesc,112789.0,Business Description,COMPANY
city,112789.0,City,COMPANY
conml,112789.0,Company Legal Name,COMPANY
fyrc,112789.0,Fiscal Year-end Month Current,COMPANY
idbflag,112789.0,"Historical International, Domestic, Both Indicator",COMPHIST
loc,112789.0,Historical ISO Country Code / Headquarters,COMPHIST
naics,112789.0,CST History North American Industry Classification,CSTHIST
priusa,112789.0,Historical Primary Issue Tag / US,COMPHIST
sic,112789.0,Historical SIC Code,COMPHIST
ajex,112788.0,Adjustment Factor (Company) - Cumulative by Ex-Date,DES_ANN
adjex_f,112786.0,Not found,Not found
lo,112785.0,Liabilities - Other - Total,IDXANN
prcc_f,112785.0,Not found,Not found
prch_f,112785.0,Not found,Not found
prcl_f,112785.0,Not found,Not found
ao,112784.0,Assets - Other,BAL_ANN_INDL
dvpsp_f,112782.0,Not found,Not found
dvpsx_f,112782.0,Not found,Not found
icapt,112766.0,Invested Capital - Total,BAL_ANN_INDL
stko,112762.0,Historical Stock Ownership Code,COMPHIST
acctstd,112739.0,Accounting Standard,DES_ANN
cshtr_f,112735.0,Not found,Not found
pstkr,112699.0,Preferred/Preference Stock - Redeemable,BAL_ANN_INDL
ceq,112674.0,Common/Ordinary Equity - Total,BAL_ANN_INDL
final,112669.0,Final Indicator Flag,DES_ANN
tstkp,112598.0,Treasury Stock - Preferrred,BAL_ANN_INDL
pstk,112594.0,Preferred/Preference Stock (Capital) - Total,IDXANN
lt,112591.0,Liabilities - Total,IDXANN
do,112578.0,Discontinued Operations,IS_ANN_INDL
dvp,112577.0,Dividends - Preferred/Preference,IS_ANN_INDL
revt,112577.0,Revenue - Total,IS_ANN_INDL
ib,112576.0,Income Bef Extraord Items,IS_ANN_INDL
pi,112576.0,Pretax Income,IDXANN
cstke,112575.0,Com Stk Equiv - Dollar Savings,IS_ANN_INDL
xido,112575.0,Extraord Items & Discontinued Operations,IS_ANN_INDL
txt,112559.0,Income Taxes - Total,IDXANN
pstkn,112525.0,Preferred/Preference Stock - Nonredeemable,BAL_ANN_INDL
dvpsp_c,112474.0,Not found,Not found
dvpsx_c,112474.0,Not found,Not found
adjex_c,112474.0,Not found,Not found
dltt,112470.0,Long-Term Debt - Total,BAL_ANN_INDL
prcc_c,112456.0,Not found,Not found
prch_c,112456.0,Not found,Not found
prcl_c,112456.0,Not found,Not found
cshtr_c,112407.0,Not found,Not found
tstk,112388.0,Treasury Stock - Total (All Capital),IDXANN
naicsh,112323.0,North America Industrial Classification System - Historical,DES_ANN
dvc,112311.0,Dividends Common/Ordinary,IS_ANN_INDL
dvt,112311.0,Dividends - Total,IS_ANN_INDL
tstkc,112301.0,Treasury Stock - Common,BAL_ANN_INDL
ggroup,112294.0,GIC Group,COMPANY
gind,112294.0,GIC Industry,COMPANY
gsector,112294.0,GIC Sector,COMPANY
gsubind,112294.0,GIC Subindustry,COMPANY
addzip,112235.0,Postal Code,COMPANY
dlc,111975.0,Debt in Current Liabilities - Total,BAL_ANN_INDL
spi,111482.0,Special Items,IDXANN
ch,111402.0,Cash,BAL_ANN_INDL
phone,110929.0,Historical Phone Number,COMPHIST
ivst,110805.0,Short-Term Investments - Total,BAL_ANN_INDL
cstk,110700.0,Common/Ordinary Stock (Capital),BAL_ANN_INDL
re,110565.0,Retained Earnings,IDXANN
emp,110092.0,Employees,BAL_ANN_INDL
caps,110009.0,Capital Surplus/Share Premium Reserve,BAL_ANN_INDL
cik,109976.0,CIK Number,COMPANY
intan,109593.0,Intangible Assets - Total,BAL_ANN_INDL
ppent,109522.0,"Property, Plant & Equipment - Total (Net)",IDXANN
mib,109322.0,Noncontrolling Interest (Balance Sheet),IDXANN
rank,109011.0,ranking,CCM_SEGNAICS
sich,108500.0,Standard Industrial Classification - Historical,DES_ANN
mibt,107835.0,Noncontrolling Interests - Total - Balance Sheet,IDXANN
dp,107510.0,Depreciation & Amortization,IS_ANN_INDL
gdwl,107237.0,Goodwill,BAL_ANN_INDL
ein,107149.0,CST History Employer Identification Number,CSTHIST
state,106893.0,CST History State Identification Code,CSTHIST
auop,106639.0,Auditor Opinion,CCM_AAUDIT
au,106619.0,Auditor,CCM_AAUDIT
dd1,106397.0,Long-Term Debt Due in One Year,BAL_ANN_INDL
mii,105814.0,Noncontrolling Interest (Income Account),IDXANN
xi,105217.0,Extraord Items,IS_ANN_INDL
incorp,103869.0,CST History Incorporation ISO Country Code,CSTHIST
ivaeq,102962.0,Investment & Advances - Equity,BAL_ANN_INDL
aox,101464.0,Assets - Other - Sundry,BAL_ANN_INDL
intano,101401.0,Other Intangibles,BAL_ANN_INDL
ap,101145.0,Accounts Payable - Trade,BAL_ANN_INDL
txdb,101039.0,Deferred Taxes (Balance Sheet),BAL_ANN_INDL
invt,99141.0,Inventories - Total,IDXANN
csho,96994.0,Common Shares Outstanding,BAL_ANN_INDL
che,96991.0,Cash & Short-Term Investments,BAL_ANN_INDL
np,96844.0,Notes Payable,BAL_ANN_INDL
sale,96799.0,Sales/Turnover (Net),IDXANN
cogs,96798.0,Cost of Goods Sold,IS_ANN_INDL
gp,96798.0,Gross Profit (Loss),IS_ANN_INDL
ibadj,96798.0,Income Bef Extraord Items Adj for Com Stk Equiv,IS_ANN_INDL
ibcom,96798.0,Income Bef Extraord Items Available for Common,IS_ANN_INDL
ni,96798.0,Net Income (Loss),IDXANN
niadj,96798.0,Net Income Adj for Common/Ordinary Stock (Capital) Equivalents,IS_ANN_INDL
xopr,96798.0,Operating Expenses - Total,IS_ANN_INDL
oiadp,96797.0,Operating Income After Depreciation,IDXANN
nopi,96777.0,Nonoperating Income (Expense),IDXANN
pstkrv,96765.0,Preferred Stock - Redemption Value,BAL_ANN_INDL
cshpri,96745.0,Common Shares Used to Calculate EPS - Basic,IS_ANN_INDL
pstkl,96742.0,Preferred Stock - Liquidating Value,BAL_ANN_INDL
epsfi,96738.0,Earnings Per Share (Diluted) - Including Extraordinary items,IS_ANN_INDL
epsfx,96738.0,Earnings Per Share (Diluted) - Excluding Extraordinary items,IS_ANN_INDL
epspi,96738.0,EPS (Basic) Incl Extraord Items,IS_ANN_INDL
epspx,96738.0,EPS (Basic) Excl Extraord Items,IS_ANN_INDL
opeps,96736.0,EPS from Operations,IDXANN
dilavx,96732.0,Dilution Available - Excl Extraord Items,IS_ANN_INDL
diladj,96731.0,Dilution Adjustment,IS_ANN_INDL
oprepsx,96722.0,EPS - Diluted - from Operations,IS_ANN_INDL
cshfd,96707.0,Common Shares Used to Calc EPS - Fully Diluted,IS_ANN_INDL
cshi,96692.0,Common Shares Issued,BAL_ANN_INDL
tstkn,96623.0,Treasury Stock - Number of Common Shares,BAL_ANN_INDL
ismod,96549.0,Income Statement Model Number,DES_ANN
bkvlps,96548.0,Book Value Per Share,BAL_ANN_INDL
ceql,96548.0,Common Equity - Liquidation Value,BAL_ANN_INDL
ceqt,96544.0,Common Equity - Tangible,BAL_ANN_INDL
rect,96383.0,Receivables Total,IDXANN
ebit,96327.0,Earnings Before Interest & Taxes,IS_ANN_INDL
weburl,96219.0,Historical Web URL,COMPHIST
xint,95402.0,Interest & Related Expense - Total,IDXANN
ebitda,94210.0,Earnings Before Interest,IS_ANN_INDL
oibdp,94210.0,Operating Income Before Depreciation,IDXANN
scf,94129.0,Cash Flow Format,DES_ANN
chech,94064.0,Cash & Cash Equivalents - Increase/(Decrease),CF_ANN
fopo,94063.0,Funds from Operations - Other,CF_ANN
ibc,94056.0,Income Bef Extraord Items (Cash Flow),CF_ANN
oancf,94043.0,Operating Activities Net Cash Flow,IDXANN
fincf,94041.0,Financing Activities Net Cash Flow,CF_ANN
ivncf,94041.0,Investing Activities Net Cash Flow,IDXANN
fiao,94040.0,Financing Activities - Other,CF_ANN
ivaco,94040.0,Investing Activities - Other,CF_ANN
xidoc,94035.0,Extraord Items & Discontinued Operations (Cash Flow),CF_ANN
aoloch,94031.0,Assets & Liabilities - Other - Net Change,CF_ANN
recta,93974.0,Retained Earnings - Cumulative Translation Adjustment,BAL_ANN_INDL
exre,93964.0,Exchange Rate Effect,CF_ANN
reajo,93912.0,Retained Earnings - Other Adj,BAL_ANN_INDL
capx,93697.0,Capital Expenditures,CF_ANN
cstkcv,93694.0,Common Stock-Carrying Value,BAL_ANN_INDL
msa,93360.0,Marketable Securities Adjustment,BAL_ANN_INDL
dv,93117.0,Cash Dividends (Cash Flow),CF_ANN
reuna,93005.0,Retained Earnings - Unadjusted,BAL_ANN_INDL
ivao,92960.0,Investment & Advances - Other,BAL_ANN_INDL
dpc,92549.0,Depreciation & Amortization (Cash Flow),CF_ANN
sstk,92536.0,Sale of Common & Preferred Stock,IDXANN
dltr,92211.0,Long-Term Debt - Reduction,CF_ANN
txdc,91659.0,Deferred Taxes (Cash Flow),CF_ANN
ceoso,91586.0,Chief Executive Officer SOX Certification,CCM_AAUDIT
cfoso,91586.0,Chief Financial Officer SOX Certification,CCM_AAUDIT
dltis,91179.0,Long-Term Debt - Issuance,CF_ANN
apdedate,91168.0,Actual Period End date,DES_ANN
acominc,90977.0,Accumulated Other Comprehensive Income (Loss),BAL_ANN_INDL
siv,90920.0,Sale of Investments,CF_ANN
aqc,90878.0,Acquisitions,CF_ANN
dcvt,90617.0,Debt - Convertible,BAL_ANN_INDL
ivch,90446.0,Increase in Investments,CF_ANN
xpr,90315.0,Pension & Retirement Expense,IS_ANN_INDL
sppiv,89974.0,"Sale of Property, Plant & Equipment & Investments - Gain (Loss)",CF_ANN
spcsrc,89247.0,Not found,Not found
txp,88872.0,Income Taxes Payable,IDXANN
dlto,88625.0,Other Long-term Debt,BAL_ANN_INDL
esopct,87759.0,ESOP Obligation (Common) - Total,BAL_ANN_INDL
recco,87688.0,Receivables - Current - Other,BAL_ANN_INDL
prstkc,87567.0,Purchase of Common & Preferred Stock,CF_ANN
esopt,87463.0,Preferred ESOP Obligation - Total,BAL_ANN_INDL
cshr,87395.0,Common/Ordinary Shareholders,BAL_ANN_INDL
rectr,87112.0,Receivables - Trade,BAL_ANN_INDL
invch,87009.0,Inventory Decrease (Increase),CF_ANN
acchg,86982.0,Accounting Changes - Cumulative Effect,IS_ANN_INDL
txo,86975.0,Income Taxes - Other,IS_ANN_INDL
aociother,86922.0,Accum Other Comp Inc - Other Adj,BAL_ANN_INDL
aocisecgl,86911.0,Accum Other Comp Inc - Unreal G/L Ret Int in Sec Assets,BAL_ANN_INDL
ppegt,86869.0,"Property, Plant & Equipment - Total (Gross)",BAL_ANN_INDL
txdi,86545.0,Income Taxes - Deferred,IS_ANN_INDL
intc,86276.0,Interest Capitalized,IS_ANN_INDL
aocipen,86233.0,Accum Other Comp Inc - Min Pension Liab Adj,BAL_ANN_INDL
lco,86116.0,Current Liabilities Other Total,IDXANN
aco,86113.0,Current Assets Other Total,BAL_ANN_INDL
dpact,86024.0,"Depreciation, Depletion & Amortization (Accumulated)",BAL_ANN_INDL
pstkc,85949.0,Preferred Stock - Convertible,BAL_ANN_INDL
nopio,85920.0,Nonoperating Income (Expense) - Other,IS_ANN_INDL
auopic,85738.0,Auditor Opinion - Internal Control,CCM_AAUDIT
dcpstk,85683.0,Convertible Debt & Preferred Stock,BAL_ANN_INDL
lcox,85647.0,Current Liabilities - Other - Sundry,BAL_ANN_INDL
aocidergl,85561.0,Accum Other Comp Inc - Derivatives Unrealized Gain/Loss,BAL_ANN_INDL
dudd,85499.0,Debt - Unamortized Debt Discount & Other,BAL_ANN_INDL
itcb,85354.0,Investment Tax Credit (Balance Sheet),BAL_ANN_INDL
capxv,85149.0,"Capital Expend Property, Plant & Equipment Schd V",CF_ANN
acox,84759.0,Current Assets - Other - Sundry,BAL_ANN_INDL
dvpa,83887.0,Preferred Dividends in Arrears,BAL_ANN_INDL
dcvsr,83809.0,Debt - Senior Convertible,BAL_ANN_INDL
dcvsub,83800.0,Debt - Subordinated Convertible,BAL_ANN_INDL
intpn,83745.0,Interest Paid - Net,CF_ANN
ds,83721.0,Debt - Subordinated,BAL_ANN_INDL
dt,83717.0,Total Debt Including Current,BAL_ANN_INDL
dn,83299.0,Debt - Notes,BAL_ANN_INDL
xsga,83280.0,"Selling, General & Administrative Expense",IDXANN
dd,83182.0,Debt - Debentures,BAL_ANN_INDL
recch,83067.0,Accounts Receivable - Decrease (Increase),CF_ANN
xrent,83005.0,Rental Expense,IS_ANN_INDL
esub,82661.0,Equity in Earnings - Unconsolidated Subsidiaries,IS_ANN_INDL
txr,82411.0,Income Tax Refund,BAL_ANN_INDL
teq,82408.0,Stockholders Equity - Total,IDXANN
esubc,82406.0,Equity in Net Loss - Earnings,CF_ANN
ppeveb,82145.0,"Property, Plant, & Equipment - Ending Balance (Schedule V)",BAL_ANN_INDL
txditc,82015.0,Deferred Taxes & Investment Tax Credit,IDXANN
dclo,81854.0,Debt - Capitalized Lease Obligations,BAL_ANN_INDL
txndb,81698.0,Net Deferred Tax Asset (Liab) - Total,BAL_ANN_INDL
txpd,81496.0,Income Taxes Paid,CF_ANN
rdip,80770.0,In Process R&D Expense,IS_ANN_INDL
lifr,80699.0,LIFO Reserve,BAL_ANN_INDL
rdipa,80524.0,In Process R&D Expense After-tax,IS_ANN_INDL
rdipd,80501.0,In Process R&D Expense Diluted EPS Effect,IS_ANN_INDL
rdipeps,80501.0,In Process R&D Expense Basic EPS Effect,IS_ANN_INDL
fdate,80444.0,Final Date,DES_ANN
dm,80268.0,Debt - Mortgages & Other Secured,BAL_ANN_INDL
lifrp,80267.0,LIFO Reserve - Prior,BAL_ANN_INDL
dpvieb,80135.0,Depreciation (Accumulated) - Ending Balance (Schedule VI),BAL_ANN_INDL
rea,80059.0,Retained Earnings - Restatement,BAL_ANN_INDL
txfo,79596.0,Income Taxes - Foreign,IS_ANN_INDL
fopox,79409.0,Funds from Operations - Other excluding Option Tax Benefit,CF_ANN
txbco,79131.0,Excess Tax Benefit Stock Options - Cash Flow Operating,CF_ANN
esopnr,78979.0,Preferred ESOP Obligation - Non-Redeemable,BAL_ANN_INDL
txw,78870.0,Excise Taxes,IS_ANN_INDL
dcom,78746.0,Deferred Compensation,BAL_ANN_INDL
seqo,78741.0,Other Stockholders - Equity Adj,BAL_ANN_INDL
lct,78725.0,Current Liabilities - Total,IDXANN
esopr,78598.0,Preferred ESOP Obligation - Redeemable,BAL_ANN_INDL
donr,78508.0,Nonrecurring Disc Operations,IS_ANN_INDL
loxdr,78483.0,Liabilities - Other - Excluding Deferred Revenue,BAL_ANN_INDL
aodo,78471.0,Other Assets excluding Discontinued Operations,BAL_ANN_INDL
act,78464.0,Current Assets - Total,BAL_ANN_INDL
lcoxdr,78464.0,Current Liabilities - Other - Excluding Deferred Revenue,BAL_ANN_INDL
spcindcd,78442.0,Historical S&P Industry Sector Code,COMPHIST
spcseccd,78442.0,Historical S&P Economic Sector Code,COMPHIST
acodo,78406.0,Other Current Assets Excl Discontinued Operations,BAL_ANN_INDL
aldo,78404.0,Long-term Assets of Discontinued Operations,BAL_ANN_INDL
txc,78269.0,Income Taxes - Current,IS_ANN_INDL
acdo,78222.0,Current Assets of Discontinued Operations,BAL_ANN_INDL
dc,78172.0,Deferred Charges,BAL_ANN_INDL
txdba,78021.0,Deferred Tax Asset - Long Term,BAL_ANN_INDL
txndbr,78020.0,Deferred Tax Residual,BAL_ANN_INDL
wcap,77845.0,Working Capital (Balance Sheet),BAL_ANN_INDL
prsho,77582.0,Redeem Pfd Shares Outs (000),BAL_ANN_INDL
pnrsho,77395.0,Nonred Pfd Shares Outs (000),BAL_ANN_INDL
stkco,77336.0,Stock Compensation Expense,IS_ANN_INDL
drlt,76599.0,Deferred Revenue - Long-term,BAL_ANN_INDL
citotal,76395.0,Comprehensive Income - Parent,IS_ANN_INDL
cibegni,76357.0,Comp Inc - Beginning Net Income,IS_ANN_INDL
ciother,76340.0,Comp Inc - Other Adj,IS_ANN_INDL
txndba,76241.0,Net Deferred Tax Asset,BAL_ANN_INDL
txndbl,76232.0,Net Deferred Tax Liability,BAL_ANN_INDL
cipen,76098.0,Comp Inc - Minimum Pension Adj,IS_ANN_INDL
dd4,76000.0,Debt Due in 4th Year,BAL_ANN_INDL
mrc1,75999.0,Rental Commitments - Minimum - 1st Year,BAL_ANN_INDL
cicurr,75797.0,Comp Inc - Currency Trans Adj,IS_ANN_INDL
cidergl,75767.0,Comp Inc - Derivative Gains/Losses,IS_ANN_INDL
cisecgl,75740.0,Comp Inc - Securities Gains/Losses,IS_ANN_INDL
dd2,75674.0,Debt Due in 2nd Year,BAL_ANN_INDL
dd3,75623.0,Debt Due in 3rd Year,BAL_ANN_INDL
am,75507.0,Amortization of Intangibles,IS_ANN_INDL
dd5,75091.0,Debt Due in 5th Year,BAL_ANN_INDL
sppe,74910.0,Sale of Property,IDXANN
mrcta,74804.0,Thereafter Portion of Leases,BAL_ANN_INDL
mrc2,74367.0,Rental Commitments - Minimum - 2nd Year,BAL_ANN_INDL
mrc3,74274.0,Rental Commitments - Minimum - 3rd Year,BAL_ANN_INDL
mrc4,74248.0,Rental Commitments - Minimum - 4th Year,BAL_ANN_INDL
txfed,73775.0,Income Taxes - Federal,IS_ANN_INDL
drc,73607.0,Deferred Revenue - Current,BAL_ANN_INDL
txs,73115.0,Income Taxes - State,IS_ANN_INDL
txbcof,73000.0,Excess Tax Benefit of Stock Options - Cash Flow Financing,CF_ANN
optosey,72012.0,Options Outstanding - End of Year,BAL_ANN_INDL
mrc5,71775.0,Rental Commitments - Minimum - 5th Year,BAL_ANN_INDL
mrct,71608.0,Rental Commitments - Minimum - 5 Year Total,BAL_ANN_INDL
txdfo,70550.0,Deferred Taxes-Foreign,IS_ANN_INDL
dltp,70341.0,Long-Term Debt - Tied to Prime,BAL_ANN_INDL
fatn,69827.0,"Property, Plant, & Equipment - Natural Resources at Cost",BAL_ANN_INDL
xacc,69449.0,Accrued Expenses,BAL_ANN_INDL
fatc,69411.0,"Property, Plant, & Equipment Construction in Progress at Cost",BAL_ANN_INDL
dxd4,69141.0,Debt (excl Capitalized Leases) - Due in 4th Year,BAL_ANN_INDL
dxd3,68774.0,Debt (excl Capitalized Leases) - Due in 3rd Year,BAL_ANN_INDL
dxd2,68770.0,Debt (excl Capitalized Leases) - Due in 2nd Year,BAL_ANN_INDL
dxd5,68520.0,Debt (excl Capitalized Leases) - Due in 5th Year,BAL_ANN_INDL
ivstch,68450.0,Short-Term Investments - Change,CF_ANN
fatp,67926.0,"Property, Plant, & Equipment Land & Improvements at Cost",BAL_ANN_INDL
fatb,67632.0,"Property, Plant, & Equipment Buildings at Cost",BAL_ANN_INDL
idit,67624.0,Interest & Related Income - Total,IS_ANN_INDL
txdbca,67567.0,Deferred Tax Asset - Current,BAL_ANN_INDL
optprcey,67202.0,Options Outstanding End of Year - Price,BAL_ANN_INDL
optgr,67163.0,Options - Granted,BAL_ANN_INDL
optosby,67079.0,Options Outstanding - Beg of Year,BAL_ANN_INDL
optca,66920.0,Options - Cancelled (-),BAL_ANN_INDL
optexd,66914.0,Options - Exercised (-),BAL_ANN_INDL
txdfed,66808.0,Deferred Taxes-Federal,IS_ANN_INDL
txdbcl,66312.0,Deferred Tax Liability - Current,BAL_ANN_INDL
txds,66290.0,Deferred Taxes-State,IS_ANN_INDL
ibmii,65377.0,Income Bef Extraord Items & Noncontrolling Interests,IS_ANN_INDL
recd,65350.0,Receivables - Estimated Doubtful,BAL_ANN_INDL
optex,65322.0,Options Exercisable (000),BAL_ANN_INDL
mibn,65138.0,Noncontrolling Interests - Nonredeemable - Balance Sheet,IDXANN
xpp,65026.0,Prepaid Expenses,BAL_ANN_INDL
txach,64894.0,Income Taxes - Accrued - Increase/(Decrease),CF_ANN
fatl,64351.0,"Property, Plant, & Equipment - Leases at Cost",BAL_ANN_INDL
invo,64346.0,Inventories - Other,BAL_ANN_INDL
tlcf,63998.0,Tax Loss Carry Forward,BAL_ANN_INDL
invfg,63404.0,Inventories - Finished Goods,BAL_ANN_INDL
ci,63195.0,Comprehensive Income - Total,IS_ANN_INDL
cimii,63163.0,Comprehensive Income - Noncontrolling Interest,IS_ANN_INDL
invrm,63038.0,Inventories - Raw Materials,BAL_ANN_INDL
cld4,62738.0,Capitalized Leases - Due in 4th Year,BAL_ANN_INDL
cld5,62653.0,Capitalized Leases - Due in 5th Year,BAL_ANN_INDL
cld3,62420.0,Capitalized Leases - Due in 3rd Year,BAL_ANN_INDL
cld2,62391.0,Capitalized Leases - Due in 2nd Year,BAL_ANN_INDL
invwip,62387.0,Inventories - Work In Process,BAL_ANN_INDL
ipodate,62234.0,Historical Company Initial Public Offering Date,COMPHIST
optprcby,62100.0,Options Outstanding Beg of Year - Price,BAL_ANN_INDL
pnca,61246.0,Core Pension Adjustment,PN_ANN
prca,61164.0,Core Post Retirement Adjustment,PN_ANN
pncad,61122.0,Core Pension Adjustment Diluted EPS Effect,PN_ANN
pncaeps,61122.0,Core Pension Adjustment Basic EPS Effect,PN_ANN
prcad,61113.0,Core Post Retirement Adjustment Diluted EPS Effect,PN_ANN
prcaeps,61113.0,Core Post Retirement Adjustment Basic EPS Effect,PN_ANN
apalch,61080.0,Accounts Payable & Accrued Liabilities - Increase/(Decrease),CF_ANN
fate,60027.0,"Property, Plant, & Equipment Machinery & Equipment at Cost",BAL_ANN_INDL
optprcwa,59869.0,Options Exercisable - Weighted Avg Price,BAL_ANN_INDL
itci,59217.0,Investment Tax Credit (Income Account),IS_ANN_INDL
xintopt,58808.0,Implied Option Expense,IS_ANN_INDL
xoptd,58694.0,Implied Option EPS Diluted,IS_ANN_INDL
xopteps,58694.0,Implied Option EPS Basic,IS_ANN_INDL
fato,57001.0,"Property, Plant, & Equipment Other at Cost",BAL_ANN_INDL
optprcca,54422.0,Options Cancelled - Price,BAL_ANN_INDL
optprcex,52280.0,Options Exercised - Price,BAL_ANN_INDL
xrd,51691.0,Research & Development Expense,IS_ANN_INDL
xrdp,50839.0,Research & Development - Prior,IS_ANN_INDL
fca,50178.0,Foreign Exchange Income (Loss),IS_ANN_INDL
dlcch,49819.0,Current Debt - Changes,CF_ANN
optprcgr,47702.0,Options Granted - Price,BAL_ANN_INDL
fax,46882.0,Fax Number,COMPANY
pdate,46801.0,Preliminary Date,DES_ANN
optvol,46437.0,Volatility - Assumption (%),BAL_ANN_INDL
optrfr,46379.0,Risk Free Rate - Assumption (%),BAL_ANN_INDL
optlife,46102.0,Life of Options - Assumption (# yrs),BAL_ANN_INDL
esopdlt,45983.0,ESOP Debt - Long Term,BAL_ANN_INDL
optdr,45338.0,Dividend Rate - Assumption (%),BAL_ANN_INDL
ano,44215.0,Assets Netting & Other Adj,BAL_ANN_INDL
lno,44206.0,Liabilities Netting & Other Adj,BAL_ANN_INDL
tfva,44204.0,Total Fair Value Assets,BAL_ANN_INDL
aul3,44198.0,Assets Level3 (Unobservable),BAL_ANN_INDL
lul3,44195.0,Liabilities Level3 (Unobservable),BAL_ANN_INDL
lqpl1,44193.0,Liabilities Level1 (Quoted Prices),BAL_ANN_INDL
aqpl1,44188.0,Assets Level1 (Quoted Prices),BAL_ANN_INDL
tfvl,44183.0,Total Fair Value Liabilities,BAL_ANN_INDL
lol2,44181.0,Liabilities Level2 (Observable),BAL_ANN_INDL
aol2,44172.0,Assets Level2 (Observable),BAL_ANN_INDL
dlrsn,43850.0,Research Company Reason for Deletion,COMPANY
dldte,43850.0,Research Company Deletion Date,COMPANY
ltcm,43846.0,Long-term Contracts Method,DES_ANN
optfvgr,43472.0,Options - Fair Value of Options Granted,BAL_ANN_INDL
txtubend,42039.0,Unrecog Tax Benefits - End of Year,BAL_ANN_INDL
txtubbegin,41375.0,Unrecog Tax Benefits - Beg of Year,BAL_ANN_INDL
aqs,41244.0,Acquisitions - Sales Contribution,IS_ANN_INDL
aqi,41102.0,Acquisitions - Income Contribution,IS_ANN_INDL
txtubadjust,40984.0,Other Unrecog Tax Benefit Adj,BAL_ANN_INDL
txtubposdec,40970.0,Decrease - Current Tax Positions,BAL_ANN_INDL
txtubpospdec,40968.0,Decrease- Prior Tax Positions,BAL_ANN_INDL
txtubposinc,40938.0,Increase - Current Tax Positions,BAL_ANN_INDL
txtubpospinc,40927.0,Increase- Prior Tax Positions,BAL_ANN_INDL
txtubsettle,40914.0,Settlements with Tax Authorities (-),BAL_ANN_INDL
txtubsoflimit,40908.0,Lapse of Statute of Limitations (-),BAL_ANN_INDL
xad,40337.0,Advertising Expense,IS_ANN_INDL
pidom,38623.0,Pretax Income - Domestic,IS_ANN_INDL
pifo,38298.0,Pretax Income - Foreign,IS_ANN_INDL
spce,38019.0,S&P Core Earnings,IS_ANN_INDL
spced,37973.0,S&P Core Earnings EPS Diluted,IS_ANN_INDL
spceeps,37973.0,S&P Core Earnings EPS Basic,IS_ANN_INDL
bspr,34846.0,Balance Sheet Presentation,DES_ANN
txtubtxtr,34745.0,Impact on Effective Tax Rate,BAL_ANN_INDL
stkcpa,34469.0,After-tax stock compensation,IS_ANN_INDL
txtubxintbs,32337.0,Interest & Penalties Accrued - B/S,BAL_ANN_INDL
xlr,31866.0,Staff Expense - Total,IS_ANN_INDL
dcs,28478.0,Debt - Consolidated Subsidiary,BAL_ANN_INDL
xintd,27133.0,Interest Expense - Long-Term Debt,IS_ANN_INDL
txtubxintis,24890.0,Interest & Penalties Recognized - I/S,BAL_ANN_INDL
compst,24789.0,Comparability Status,DES_ANN
glcep,24366.0,Gain/Loss on Sale (Core Earnings Adj) Pretax,IS_ANN_INDL
glcea,24349.0,Gain/Loss on Sale (Core Earnings Adj) After-tax,IS_ANN_INDL
glceeps,24328.0,Gain/Loss on Sale (Core Earnings Adj) Basic EPS Effect,IS_ANN_INDL
glced,24327.0,Gain/Loss on Sale (Core Earnings Adj) Diluted EPS,IS_ANN_INDL
rcp,23726.0,Restructuring Costs Pretax,IS_ANN_INDL
rca,23675.0,Restructuring Costs After-tax,IS_ANN_INDL
rcd,23660.0,Restructuring Costs Diluted EPS Effect,IS_ANN_INDL
rceps,23653.0,Restructuring Costs Basic EPS Effect,IS_ANN_INDL
dfs,23652.0,Debt - Finance Subsidiary,BAL_ANN_INDL
ob,22303.0,Order Backlog,BAL_ANN_INDL
tfvce,22199.0,Total Fair Value Changes including Earnings,IS_ANN_INDL
pncwip,19395.0,Core Pension w/o Interest Adjustment Pretax,PN_ANN
pncwia,19389.0,Core Pension w/o Interest Adjustment After-tax,PN_ANN
pncwid,19367.0,Core Pension w/o Interest Adjustment Diluted EPS Effect,PN_ANN
pncwieps,19367.0,Core Pension w/o Interest Adjustment Basic EPS Effect,PN_ANN
aqp,19360.0,Acquisition/Merger Pretax,IS_ANN_INDL
aqa,19323.0,Acquisition/Merger After-tax,IS_ANN_INDL
aqd,19310.0,Acquisition/Merger Diluted EPS Effect,IS_ANN_INDL
aqeps,19304.0,Acquisition/Merger Basic EPS Effect,IS_ANN_INDL
pncip,18846.0,Core Pension Interest Adjustment Pretax,PN_ANN
pncia,18840.0,Core Pension Interest Adjustment After-tax,PN_ANN
pncid,18819.0,Core Pension Interest Adjustment Diluted EPS Effect,PN_ANN
pncieps,18819.0,Core Pension Interest Adjustment Basic EPS Effect,PN_ANN
spiop,16884.0,Other Special Items Pretax,IS_ANN_INDL
spioa,16846.0,Other Special Items After-tax,IS_ANN_INDL
spid,16811.0,Other Special Items Diluted EPS Effect,IS_ANN_INDL
spieps,16802.0,Other Special Items Basic EPS Effect,IS_ANN_INDL
acqmeth,16725.0,Acquisition Method,DES_ANN
xt,15778.0,Expense - Total,IS_ANN_FS
ris,15767.0,Revenue/Income - Sundry,IS_ANN_FS
xs,15765.0,Expense - Sundry,IS_ANN_FS
vpo,15600.0,Investments - Permanent - Other,BAL_ANN_FS
ivpt,15550.0,Investments - Permanent - Total,BAL_ANN_FS
stbo,15489.0,Short-Term Borrowings - Other,BAL_ANN_FS
ragr,15432.0,Resale Agreements,BAL_ANN_FS
transa,15369.0,Cumulative Translation Adjustment,BAL_ANN_FS
dtep,15032.0,Extinguishment of Debt Pretax,IS_ANN_INDL
dtea,15015.0,Extinguishment of Debt After-tax,IS_ANN_INDL
dted,15004.0,Extinguishment of Debt Diluted EPS Effect,IS_ANN_INDL
dteeps,14998.0,Extinguishment of Debt Basic EPS Effect,IS_ANN_INDL
fdfr,14828.0,Federal Funds Purchased,BAL_ANN_FS
amgw,14814.0,Amortization of Goodwill,IS_ANN_FS
rpag,14727.0,Repurchase Agreements,BAL_ANN_FS
dfxa,14721.0,Depreciation of Tangible Fixed Assets,IS_ANN_INDL
secu,14582.0,Securities Gains (Losses) - Unrealized,BAL_ANN_FS
lcuacu,14575.0,Loans/Claims/Advances - Customer - Total,BAL_ANN_FS
xagt,14511.0,Administrative & General Expense - Total,IS_ANN_FS
recub,14494.0,Unbilled Receivables,BAL_ANN_INDL
ffs,14388.0,Federal Funds Sold,BAL_ANN_FS
rcl,14365.0,Reserves for Credit Losses (Assets),BAL_ANN_FS
lcao,14303.0,Loans/Claims/Advances - Other,BAL_ANN_FS
pcl,14227.0,Provision - Credit Losses (Income Account),IS_ANN_FS
niint,13653.0,Net Interest Income,IS_ANN_FS
cfpdo,13639.0,Commissions & Fees Paid - Other,IS_ANN_FS
stio,13637.0,Short-Term Investments - Other,BAL_ANN_FS
setp,13334.0,Settlement (Litigation/Insurance) Pretax,IS_ANN_INDL
seta,13325.0,Settlement (Litigation/Insurance) After-tax,IS_ANN_INDL
setd,13307.0,Settlement (Litigation/Insurance) Diluted EPS Effect,IS_ANN_INDL
seteps,13305.0,Settlement (Litigation/Insurance) Basic EPS Effect,IS_ANN_INDL
npat,13287.0,Nonperforming Assets - Total,BAL_ANN_FS
wdp,13214.0,Writedowns Pretax,IS_ANN_INDL
wda,13179.0,Writedowns After-tax,IS_ANN_INDL
wdd,13171.0,Writedowns Diluted EPS Effect,IS_ANN_INDL
wdeps,13169.0,Writedowns Basic EPS Effect,IS_ANN_INDL
npaore,13092.0,Nonperforming Assets - Other Real Estate Owned,BAL_ANN_FS
dptc,12900.0,Deposits - Total - Customer,BAL_ANN_FS
ist,12856.0,Investment Securities -Total,BAL_ANN_FS
tdst,12492.0,Trading/Dealing Account Securities - Total,BAL_ANN_FS
xago,12489.0,Administrative & General Expense - Other,IS_ANN_FS
xstf,12433.0,Staff Expense (Income Account),IS_ANN_FS
hedgegl,12226.0,Gain/Loss on Ineffective Hedges,IS_ANN_INDL
acctchg,12194.0,Adoption of Accounting Changes,DES_ANN
cfo,12182.0,Commissions & Fees - Other,IS_ANN_FS
isgt,12005.0,Investment Securities - Gain (Loss) - Total,IS_ANN_FS
derllt,11992.0,Derivative Liabilities Long-Term,BAL_ANN_INDL
xeqo,11814.0,Equipment & Occupancy Expense,IS_ANN_FS
rstche,11769.0,Restricted Cash & Investments - Current,BAL_ANN_INDL
irent,11729.0,Rental Income,IS_ANN_INDL
derlc,11635.0,Derivative Liabilities- Current,BAL_ANN_INDL
nrtxt,11608.0,Nonrecurring Income Taxes After-tax,IS_ANN_INDL
nrtxtd,11590.0,Nonrecurring Income Tax Diluted EPS Effect,IS_ANN_INDL
nrtxteps,11590.0,Nonrecurring Income Tax Basic EPS Effect,IS_ANN_INDL
tf,11486.0,Trust Fees,IS_ANN_FS
derhedgl,11302.0,Gains/Losses on Derivatives & Hedging,IS_ANN_INDL
glp,11141.0,Gain/Loss Pretax,IS_ANN_INDL
gla,11118.0,Gain/Loss After-tax,IS_ANN_INDL
gld,11105.0,Gain/Loss Diluted EPS Effect,IS_ANN_INDL
gleps,11103.0,Gain/Loss Basic EPS Effect,IS_ANN_INDL
tdsg,11075.0,Trading/Dealing Securities - Gain (Loss),IS_ANN_FS
txtubmax,10907.0,Change In Unrecog Tax Benefits - Max,BAL_ANN_INDL
initb,10901.0,Income - Non-interest - Total (Bank),IS_ANN_FS
xnitb,10901.0,Expense - Noninterest - Total (Bank),IS_ANN_FS
tie,10874.0,Interest Expense - Total (Financial Services),IS_ANN_INDL
tii,10874.0,Interest Income - Total (Financial Services),IS_ANN_INDL
pll,10857.0,Provision for Loan/Asset Losses,IS_ANN_INDL
rll,10854.0,Reserve for Loan/Asset Losses,BAL_ANN_INDL
nco,10819.0,Net Charge-Offs,IS_ANN_INDL
nim,10781.0,Net Interest Margin,IS_ANN_INDL
acqgdwl,10544.0,Acquired Assets - Goodwill,BAL_ANN_INDL
capr1,10511.0,Risk-Adj Capital Ratio - Tier 1,BAL_ANN_FS
capr3,10505.0,Risk-Adj Capital Ratio - Combined,BAL_ANN_FS
acqintan,10460.0,Acquired Assets - Intangibles,BAL_ANN_INDL
ca,10420.0,Customers' Acceptance,BAL_ANN_FS
acco,10372.0,Acceptances Outstanding,BAL_ANN_FS
capr2,10368.0,Risk-Adj Capital Ratio - Tier 2,BAL_ANN_FS
deralt,10221.0,Derivative Assets Long-Term,BAL_ANN_INDL
derac,9935.0,Derivative Assets - Current,BAL_ANN_INDL
clg,9889.0,Contingent Liabilities - Guarantees,BAL_ANN_INDL
reunr,9048.0,Retained Earnings - Unrestricted,BAL_ANN_INDL
rstchelt,8690.0,Long-Term Restricted Cash & Investments,BAL_ANN_INDL
gliv,7902.0,Gains/Losses on investments,IS_ANN_INDL
txeqa,7639.0,Tax - Equivalent Adjustment,IS_ANN_FS
niit,7584.0,Net Interest Income (Tax Equivalent),IS_ANN_INDL
acqcshi,7523.0,Shares Issued for Acquisition,BAL_ANN_INDL
gdwlip,7274.0,Impairments of Goodwill Pretax,IS_ANN_INDL
gdwlia,7260.0,Impairments of Goodwill After-tax,IS_ANN_INDL
gdwlid,7254.0,Impairments of Goodwill Diluted EPS Effect,IS_ANN_INDL
gdwlieps,7250.0,Impairments of Goodwill Basic EPS Effect,IS_ANN_INDL
acqppe,7063.0,"Acquired Assets - Property, Plant & Equipment",BAL_ANN_INDL
capsft,6934.0,Capitalized Software,BAL_ANN_INDL
billexce,6712.0,Billings in Excess of Cost & Earnings,BAL_ANN_INDL
cmp,6702.0,Commercial Paper,BAL_ANN_INDL
bastr,6678.0,Average Short-Term Borrowings Rate,BAL_ANN_INDL
bast,6171.0,Average Short-Term Borrowings,BAL_ANN_INDL
pvon,5617.0,Provisions - Other (Net),IS_ANN_FS
gdwlam,5383.0,Goodwill Amortization,IS_ANN_INDL
xins,5187.0,Interest Expense - Sundry,IS_ANN_FS
nipfc,5168.0,Pro Forma Net Income - Current Year,IS_ANN_INDL
nipfp,5116.0,Pro Forma Net Income - Prior Year,IS_ANN_INDL
ea,4916.0,Exchange Adj (Assets),BAL_ANN_FS
excadj,4916.0,Exchange Adj (Liabilities),BAL_ANN_FS
govgr,4916.0,Government Grants,IS_ANN_FS
ls,4916.0,Liabilities - Other - Sundry,BAL_ANN_FS
rvutx,4916.0,Reserves - Untaxed,BAL_ANN_FS
tsa,4916.0,Treasury Stock (Assets),BAL_ANN_FS
unl,4916.0,Unappropriated Net Loss,BAL_ANN_FS
unnpl,4916.0,Unappropriated Net Profit,BAL_ANN_FS
tso,4907.0,Treasury Stock - Other Share Capital,BAL_ANN_FS
pvo,4906.0,Provision - Other,BAL_ANN_FS
autxr,4903.0,Appropriations to Untaxed Reserves,IS_ANN_FS
cga,4903.0,Capital Gains - After-Tax,IS_ANN_FS
dvsco,4903.0,Dividends - Share Capital - Other,IS_ANN_FS
nio,4903.0,Net Items - Other,IS_ANN_FS
nit,4903.0,Net Item - Total,IS_ANN_FS
eiea,4902.0,Equity in Earnings - After-Tax,IS_ANN_FS
rvdo,4901.0,Reserves - Distributable - Other,BAL_ANN_FS
crv,4900.0,Consolidation Reserves,BAL_ANN_FS
geqrv,4900.0,Grants - Equity Reserves,BAL_ANN_FS
lrv,4900.0,Legal Reserves,BAL_ANN_FS
rvtxr,4900.0,Reserves - Tax-Regulated,BAL_ANN_FS
prc,4899.0,Participation Rights Certificates,BAL_ANN_FS
sco,4899.0,Share Capital - Other,BAL_ANN_FS
rvlrv,4897.0,Revaluation Reserve,BAL_ANN_FS
rvdt,4895.0,Reserves - Distributable - Total,BAL_ANN_FS
unnp,4894.0,Unappropriated Net Profit (Stockholders' Equity),BAL_ANN_FS
rveqt,4893.0,Equity Reserves - Total,BAL_ANN_FS
dvdnp,4889.0,Dividends Declared & Not Provided,IS_ANN_FS
gwo,4888.0,Goodwill Written Off,IS_ANN_FS
pvpl,4886.0,Provision - Pension Liabilities,PN_ANN
rvnt,4884.0,Reserves - Nondistributable - Total,BAL_ANN_FS
prodv,4872.0,Proposed Dividends,BAL_ANN_FS
txva,4856.0,Value Added Taxes,IS_ANN_FS
li,4853.0,Leasing Income,IS_ANN_FS
dltsub,4843.0,Long-Term Debt - Subordinated,BAL_ANN_FS
rvno,4830.0,Reserves - Nondistributable - Other,BAL_ANN_FS
dvrpiv,4819.0,Dividends Received from Permanent Investments,IS_ANN_FS
salepfc,4814.0,Pro Forma Net Sales - Current Year,IS_ANN_INDL
rdp,4806.0,Regulatory Deposits,BAL_ANN_FS
govtown,4770.0,Percent of Gov't Owned,OTH_ANN
pvt,4763.0,Provisions - Total,BAL_ANN_FS
dvpd,4756.0,Cash Dividends Paid,IS_ANN_FS
lcacr,4753.0,Loans/Claims/Advances - Consumer,BAL_ANN_FS
artfs,4752.0,Accounts Receivable/Debtors - Total,BAL_ANN_FS
salepfp,4747.0,Pro Forma Net Sales - Prior Year,IS_ANN_INDL
lcacl,4720.0,Loans/Claims/Advances - Commercial,BAL_ANN_FS
nfsr,4720.0,Non-Financial Services Revenue,IS_ANN_FS
xnf,4673.0,Non-Financial Services Expense,IS_ANN_FS
lcam,4658.0,Loans/Claims/Advances - Mortgage,BAL_ANN_FS
ivgod,4636.0,Investments Grants & Other Deductions,BAL_ANN_FS
ceiexbill,4611.0,Cost & Earnings in Excess of Billings,BAL_ANN_INDL
apofs,4432.0,Accounts Payable/Creditors - Other - FS,BAL_ANN_FS
vpac,4378.0,Investments - Permanent - Associated Companies,BAL_ANN_FS
lcal,4361.0,Loans/Claims/Advances - Lease,BAL_ANN_FS
arb,4335.0,"Accounts Receivable/Debtors - Brokers, Dealers, & Clearing Organizations",BAL_ANN_FS
llwocr,4311.0,Loan Loss Written Off - Charged to Reserves,IS_ANN_FS
apb,4293.0,"Accounts Payable/Creditors - Brokers, Dealers, & Clearing Organizations",BAL_ANN_FS
llrcr,4273.0,Loan Loss Recoveries - Credited to Reserves,IS_ANN_FS
acqao,4258.0,Acquired Assets - Other Long-Term,BAL_ANN_INDL
ui,4147.0,Unearned Income,BAL_ANN_FS
acqsc,4136.0,Acquisitions - Current Sales Contribution,BAL_ANN_INDL
txtubmin,4123.0,Not found,Not found
apc,4086.0,Accounts Payable/Creditors - Customer,BAL_ANN_FS
idilc,3995.0,Interest & Dividend Income - Loans/Claims/Advances - Customers,IS_ANN_FS
acqinvt,3858.0,Acquired Assets - Inventory,BAL_ANN_INDL
pvcl,3778.0,Provision - Credit Losses (Balance Sheet),BAL_ANN_FS
arc,3772.0,Accounts Receivable/Debtors - Customer,BAL_ANN_FS
llwoci,3747.0,Loan Loss Written Off - Charged to Income,IS_ANN_FS
llrci,3745.0,Loan Loss Recoveries - Credited to Income,IS_ANN_FS
clrll,3732.0,Credit Loss Reserve Allocated for LDC Loans,BAL_ANN_FS
lloml,3732.0,LDC Loans Outstanding - Medium & Long-Term,BAL_ANN_FS
lloo,3732.0,LDC Loans Outstanding - Other,BAL_ANN_FS
llot,3732.0,LDC Loans Outstanding - Total,BAL_ANN_FS
rrp,3681.0,Reversal - Restructruring/Acquisition Pretax,IS_ANN_INDL
rra,3679.0,Reversal - Restructruring/Acquisition Aftertax,IS_ANN_INDL
rrd,3679.0,Reversal - Restructuring/Acq Diluted EPS Effect,IS_ANN_INDL
rreps,3678.0,Reversal - Restructuring/Acq Basic EPS Effect,IS_ANN_INDL
idist,3583.0,Interest & Dividend Income - Short-Term Investments,IS_ANN_FS
amdc,3509.0,Amortization of Deferred Charges,IS_ANN_FS
accrt,3425.0,ARO Accretion Expense,IS_ANN_INDL
ip,3223.0,Investment Property,BAL_ANN_FS
prican,3210.0,Historical Primary Issue Tag / Canada,COMPHIST
invofs,3159.0,Inventory/Stock - Other,BAL_ANN_FS
invres,3152.0,Inventory/Stock - Real Estate Held for Sale,BAL_ANN_FS
invrei,3139.0,Inventory/Stock - Real Estate Under Development,BAL_ANN_FS
invreh,3134.0,Inventory/Stock - Real Estate Held for Development,BAL_ANN_FS
ipc,3131.0,Investment Property (Cost),BAL_ANN_FS
dptic,3002.0,Deposits - Time - Customer,BAL_ANN_FS
dpdc,2991.0,Deposits - Demand - Customer,BAL_ANN_FS
xindc,2945.0,Interest Expense - Deposits - Customer,IS_ANN_FS
ipti,2841.0,Insurance Premiums - Total (Insurance),IS_ANN_INDL
dpsc,2818.0,Deposits - Savings - Customer,BAL_ANN_FS
idis,2763.0,Interest & Dividend Income - Sundry,IS_ANN_FS
npanl,2706.0,Nonperforming Assets - Nonaccrual Loans,BAL_ANN_FS
ret,2680.0,Total RE Property,BAL_ANN_INDL
dpret,2655.0,Depr/Amort of Property,IS_ANN_INDL
sret,2653.0,Gain/Loss on Sale of Property,IS_ANN_INDL
ivi,2625.0,Investment Income - Total (Insurance),IS_ANN_INDL
dpacre,2584.0,Accumulated Depreciation of RE Property,BAL_ANN_INDL
nparl,2580.0,Nonperforming Assets - Restructured Loans,BAL_ANN_FS
acqic,2556.0,Acquisitions - Current Income Contribution,BAL_ANN_INDL
fatd,2451.0,Fixed Assets & Investments - Disposals - Gain (Loss),IS_ANN_FS
aedi,2405.0,Accrued Expenses & Deferred Income,BAL_ANN_FS
idiis,2386.0,Interest & Dividend Income - Investment Securities,IS_ANN_FS
udpl,2352.0,Utility - Liberalized Depreciation Code,DES_ANN
uceq,2352.0,Common Equity Total - Utility,BAL_ANN_INDL
ugi,2352.0,Gross Income (Income Before Interest Charges),IS_ANN_INDL
uniami,2352.0,Net Income Bef Extraord Items & after Noncontrolling Interest,IS_ANN_INDL
uopi,2352.0,Operating Income - Total - Utility,IS_ANN_INDL
ulco,2351.0,Current Liabilities - Other - Utility,BAL_ANN_INDL
uois,2351.0,Other Internal Sources - Net (Cash Flow),CF_ANN
updvp,2351.0,Preference Dividend Requirements,IS_ANN_INDL
depc,2350.0,Depreciation & Depletion (Cash Flow),CF_ANN
upmpfs,2350.0,Premium on Preference Stock,BAL_ANN_INDL
upstkc,2350.0,Preference Stock at Carrying Value,BAL_ANN_INDL
urect,2350.0,Receivables (Net),BAL_ANN_INDL
uaoloch,2349.0,Other Assets & Liabilities - Net Change (Statement of Cash Flows),CF_ANN
udcopres,2349.0,Deferred Credits & Operating Reserves - Other,BAL_ANN_INDL
cdvc,2344.0,Cash Dividends on Common Stock (Cash Flow),CF_ANN
upstk,2344.0,Preferred Stock at Carrying Value,BAL_ANN_INDL
unopinc,2343.0,Nonoperating Income (Net) - Other,IS_ANN_INDL
spstkc,2336.0,Sale of Preferred/Preference Stock (Cash Flow),CF_ANN
udolt,2335.0,Debt (Other Long-Term) - Utility,BAL_ANN_INDL
usubpstk,2321.0,Subsidiary Preferred Stock at Carrying Value,BAL_ANN_INDL
udvp,2319.0,Preferred Dividend Requirements,IS_ANN_INDL
scstkc,2316.0,Sale of Common Stock (Cash Flow),CF_ANN
dvintf,2308.0,Dividends & Interest Receivable (Cash Flow),CF_ANN
prstkpc,2303.0,Purchase of Preferred/Preference Stock (Cash Flow),CF_ANN
upstksf,2289.0,Preferred/Preference Stock Sinking Fund Requirement,BAL_ANN_INDL
tdc,2279.0,Deferred Income Taxes - Net (Cash Flow),CF_ANN
udmb,2277.0,Debt (Mortgage Bonds) - Utility,BAL_ANN_INDL
upmpf,2264.0,Premium on Preferred Stock,BAL_ANN_INDL
utxfed,2222.0,Current Taxes - Federal (Operating),IS_ANN_INDL
uspi,2219.0,Special Items,IS_ANN_INDL
uinvt,2210.0,Inventories - Utility,BAL_ANN_INDL
prstkcc,2202.0,Purchase of Common Stock (Cash Flow),CF_ANN
udd,2191.0,Debt (Debentures),BAL_ANN_INDL
usubdvp,2185.0,Subsidiary Preferred Dividends,IS_ANN_INDL
uapt,2159.0,Accounts Payable - Utility,BAL_ANN_INDL
ucaps,2129.0,Paid in Capital - Other,BAL_ANN_INDL
urectr,2128.0,Accounts Receivable - Trade - Utility,BAL_ANN_INDL
iore,2104.0,Income - Other (Real Estate),IS_ANN_FS
udpco,2083.0,Debt (Pollution Control Obligations) - Utility,BAL_ANN_INDL
ogm,2082.0,OIL & GAS METHOD,DES_ANN
iire,2068.0,Investment Income (Real Estate),IS_ANN_FS
dvrre,2066.0,Development Revenue (Real Estate),IS_ANN_FS
upmsubp,2061.0,Premium on Subsidiary Preferred Stock,BAL_ANN_INDL
curuscn,2055.0,US Canadian Translation Rate,DES_ANN
idilb,2039.0,Interest & Dividend Income - Loans/Claims/Advances - Banks,IS_ANN_FS
cfere,2035.0,Commissions & Fees - (Real Estate),IS_ANN_FS
xore,2018.0,Expense - Other (Real Estate),IS_ANN_FS
xdvre,1994.0,Expense - Development (Real Estate),IS_ANN_FS
idits,1984.0,Interest & Dividend Income - Trading Securities,IS_ANN_FS
xivre,1974.0,Expense - Investment (Real Estate),IS_ANN_FS
uaox,1873.0,Other Assets - Utility,BAL_ANN_INDL
ulcm,1860.0,Current Liabilities - Miscellaneous,BAL_ANN_INDL
istm,1853.0,Investment Securities - Total (Market),BAL_ANN_FS
tdss,1836.0,Trading/Dealing Account Securities - Sundry,BAL_ANN_FS
tdsce,1833.0,Trading/Dealing Account Securities - Corporate Equity,BAL_ANN_FS
tdsng,1833.0,Trading/Dealing Account Securities - National Governments,BAL_ANN_FS
tdscd,1831.0,Trading/Dealing Account Securities - Corporate Debt,BAL_ANN_FS
isng,1827.0,Investment Securities - National Governments,BAL_ANN_FS
tdso,1826.0,Trading/Dealing Account Securities - Other,BAL_ANN_FS
issu,1809.0,Investment Securities - Sundry,BAL_ANN_FS
islg,1807.0,Investment Securities - Local Governments,BAL_ANN_FS
islgm,1807.0,Investment Securities - Local Governments (Market),BAL_ANN_FS
islgc,1804.0,Investment Securities - Local Governments (Cost),BAL_ANN_FS
isngm,1804.0,Investment Securities - National Governments (Market),BAL_ANN_FS
issm,1800.0,Investment Securities - Sundry (Market),BAL_ANN_FS
tdsmm,1798.0,Trading/Dealing Account Securities - Money Market,BAL_ANN_FS
isoth,1784.0,Investment Securities - Other,BAL_ANN_FS
tdslg,1783.0,Trading/Dealing Account Securities - Local Governments,BAL_ANN_FS
issc,1764.0,Investment Securities - Sundry (Cost),BAL_ANN_FS
urevub,1761.0,Accrued Unbilled Revenues (Balance Sheet),BAL_ANN_INDL
iseq,1758.0,Investment Securities - Equity,BAL_ANN_FS
isngc,1751.0,Investment Securities - National Governments (Cost),BAL_ANN_FS
iseqm,1738.0,Investment Securities - Equity (Market),BAL_ANN_FS
isfi,1726.0,Investment Securities - Fixed Income,BAL_ANN_FS
prirow,1722.0,Historical Primary Issue Tag / Rest of World,COMPHIST
isotm,1715.0,Invetsment Securities - Other (Market),BAL_ANN_FS
isfxm,1690.0,Investment Securities - Fixed Income (Market),BAL_ANN_FS
ppenc,1667.0,"Property, Plant, & Equipment - Construction in Progress (Net)",BAL_ANN_INDL
iseqc,1657.0,Investment Securities - Equity (Cost),BAL_ANN_FS
ffo,1636.0,Funds From Operations (REIT),IS_ANN_INDL
istc,1632.0,Investment Securities - Total (Cost),BAL_ANN_FS
ppevbb,1632.0,"Property, Plant & Equipment - Beginning Balance (Schedule V)",BAL_ANN_INDL
pdvc,1583.0,Cash Dividends on Preferred/Preference Stock (Cash Flow),CF_ANN
isfxc,1576.0,Investment Securities - Fixed Income (Cost),BAL_ANN_FS
xstfo,1567.0,Staff Expense - Other,IS_ANN_INDL
isotc,1551.0,Invetsment Securities - Other (Cost),BAL_ANN_FS
upmcstk,1508.0,Premium on Common Stock,BAL_ANN_INDL
rvti,1497.0,Reserves - Total,BAL_ANN_FS
saa,1494.0,Separate Account Assets,BAL_ANN_FS
iati,1491.0,Investment Assets - Total (Insurance),BAL_ANN_FS
sal,1489.0,Separate Account Liabilities,BAL_ANN_FS
bct,1484.0,Benefits & Claims - Total (Insurance),IS_ANN_FS
xoi,1479.0,Expenses - Other (Insurance),IS_ANN_FS
ioi,1478.0,Income - Other (Insurance),IS_ANN_FS
rati,1474.0,Reinsurance Assets - Total (Insurance),BAL_ANN_FS
rvsi,1474.0,Reserves - Sundry (Insurance),BAL_ANN_FS
rlri,1472.0,Reinsurers' Liability for Reserves (Insurance),BAL_ANN_FS
radp,1471.0,Reinsurance Assets - Deposits & Other (Insurance),BAL_ANN_FS
rvbti,1470.0,Reserves for Benefits - Life - Total (Insurance),BAL_ANN_FS
dfpac,1469.0,Deferred Policy Acquisition Costs,BAL_ANN_FS
rari,1458.0,Reinsurance Assets - Receivable/Debtors (Insurance),BAL_ANN_FS
rvupi,1442.0,Reserves for Unearned Premiums (Insurance),BAL_ANN_FS
xinst,1432.0,Interest Expense - Short-Term Borrowings,IS_ANN_INDL
rlt,1429.0,Reinsurance Liabilities - Total,BAL_ANN_FS
udfcc,1406.0,Deferred Fuel - Increase (Decrease) (Statement of Cash Flows),CF_ANN
rlo,1405.0,Reinsurance Liabilities - Other,BAL_ANN_FS
rlp,1397.0,Reinsurance Liabilities - Payables/Creditors,BAL_ANN_FS
crvnli,1396.0,Reserves for Claims (Losses) - Nonlife (Insurance),BAL_ANN_FS
isgu,1391.0,Investment Securities - Gain (Loss) - Unrealized,IS_ANN_FS
ipv,1374.0,Investment Property (Valuation),BAL_ANN_FS
dvpdp,1372.0,Dividends & Bonuses Paid Policyholders,IS_ANN_FS
rvbpi,1364.0,Reserves for Benefits - Life - Policy (Insurance),BAL_ANN_FS
rvbci,1361.0,Reserves for Benefits - Life - Claims (Insurance),BAL_ANN_FS
rvri,1360.0,Reserves - Reinsurance (Insurance),BAL_ANN_FS
xnbi,1348.0,Other Insurance Expense,IS_ANN_INDL
adpac,1344.0,Amortization of Deferred Policy Acquisition Costs,IS_ANN_FS
xivi,1340.0,Investment Expense (Insurance),IS_ANN_FS
isgr,1281.0,Investment Securities - Gain (Loss) - Realized,IS_ANN_FS
iaoi,1278.0,Investment Assets - Other (Insurance),BAL_ANN_FS
iasti,1277.0,Investment Assets - Securities - Total (Insurance),BAL_ANN_FS
ptbl,1277.0,Premiums - Total (Business Line),IS_ANN_FS
iassi,1270.0,Investment Assets - Securities - Sundry (Insurance),BAL_ANN_FS
bcltbl,1267.0,Benefits & Claims - Total (Business Line),IS_ANN_FS
iafxi,1267.0,Investment Assets - Fixed Income Securities (Insurance),BAL_ANN_FS
iafxmi,1259.0,Investment Assets (Insurance) - Fixed Income Securities (Market),BAL_ANN_FS
ialoi,1258.0,Investment Assets - Loans - Other (Insurance),BAL_ANN_FS
iasmi,1258.0,Investment Assets (Insurance) - Securities - Sundry (Market),BAL_ANN_FS
iaeq,1256.0,Investment Assets - Equity Securities (Insurance),BAL_ANN_FS
iapli,1255.0,Investment Assets - Policy Loans (Insurance),BAL_ANN_FS
ialti,1249.0,Investment Assets - Loans - Total (Insurance),BAL_ANN_FS
iaeqmi,1246.0,Investment Assets (Insurance) - Equity Securities (Market),BAL_ANN_FS
iatmi,1245.0,Investment Assets (Insurance) - Securities - Total (Market),BAL_ANN_FS
xnins,1245.0,Other Expense - Noninsurance,IS_ANN_INDL
cgui,1243.0,Capital Gains - Unrealized (Insurance),IS_ANN_FS
pobl,1240.0,Premiums - Other (Business Line),IS_ANN_FS
iamli,1236.0,Investment Assets - Mortgage Loans (Insurance),BAL_ANN_FS
iafici,1226.0,Investment Assets (Insurance) - Fixed Income Securities (Cost),BAL_ANN_FS
pnli,1221.0,Premiums Written - Non-Life,IS_ANN_FS
pnlbl,1220.0,Premiums - Nonlife - Total (Business Line),IS_ANN_FS
iarei,1219.0,Investment Assets - Real Estate (Insurance),BAL_ANN_FS
pltbl,1219.0,Premiums - Life - Total (Business Line),IS_ANN_FS
bctbl,1203.0,Benefits & Claims - Other (Business Line),IS_ANN_FS
cgti,1201.0,Capital Gains - Total (Insurance),IS_ANN_FS
xoprar,1200.0,Operatings Expenses - As Reported,IS_ANN_FS
irii,1196.0,Interest & Related Income (Insurance),IS_ANN_FS
cnltbl,1194.0,Claims - Non-Life - Total (Business Line),IS_ANN_FS
prebl,1190.0,Premiums - Reinsurance (Business Line),IS_ANN_FS
iaeqci,1185.0,Investment Assets (Insurance) - Equity Securities (Cost),BAL_ANN_FS
iasci,1185.0,Investment Assets (Insurance) - Securities - Sundry (Cost),BAL_ANN_FS
bltbl,1183.0,Benefits - Life - Total (Business Line),IS_ANN_FS
cgri,1181.0,Capital Gains - Realized (Insurance),IS_ANN_FS
pri,1172.0,Premiums Written - Reinsurance,IS_ANN_FS
irsi,1164.0,Interest & Related Income - Sundry (Insurance),IS_ANN_FS
xuwoi,1163.0,Underwriting Expense - Other,IS_ANN_FS
opincar,1160.0,Operating Income - As Reported,IS_ANN_FS
bcrbl,1159.0,Benefits & Claims - Reinsurance (Business Line),IS_ANN_FS
pwoi,1143.0,Premiums Written - Other,IS_ANN_FS
xuwrei,1143.0,Underwriting Expense - Reinsurance,IS_ANN_FS
xuwti,1136.0,Underwriting Expense - Total,IS_ANN_FS
txeqii,1131.0,Tax - Equivalent Interest Income (Gross),IS_ANN_FS
pctr,1129.0,Premiums Ceded - Total,IS_ANN_FS
pcnlr,1125.0,Premiums Ceded - Nonlife,IS_ANN_FS
lif,1121.0,Life Insurance in Force,BAL_ANN_FS
itcc,1120.0,Investment Tax Credit - Net (Cash Flow) - Utility,CF_ANN
iatci,1117.0,Investment Assets (Insurance) - Securities - Total (Cost),BAL_ANN_FS
cpdoi,1113.0,Claims Paid - Other,IS_ANN_FS
irei,1109.0,Interest & Related Income - Reinsurance (Insurance),IS_ANN_FS
cpnli,1100.0,Claims Paid - Non-Life,IS_ANN_FS
opiri,1089.0,Operating Income - Reinsurance,IS_ANN_FS
panlr,1083.0,Premiums Assumed - Nonlife,IS_ANN_FS
irli,1081.0,Interest & Related Income - Life (Insurance),IS_ANN_FS
cprei,1080.0,Claims Paid - Reinsurance,IS_ANN_FS
xuwli,1080.0,Underwriting Expense - Life,IS_ANN_FS
irnli,1078.0,Interest & Related Income - Non-Life (Insurance),IS_ANN_FS
srt,1076.0,Surplus - Total (Statutory),BAL_ANN_FS
xuwnli,1067.0,Underwriting Expense - Non-Life,IS_ANN_FS
pclr,1049.0,Premiums Ceded - Life,IS_ANN_FS
patr,1045.0,Premiums Assumed - Total,IS_ANN_FS
opioi,1044.0,Operating Income - Other,IS_ANN_FS
cbi,1038.0,Claims Incurred - Insurance,IS_ANN_INDL
palr,1025.0,Premiums Assumed - Life,IS_ANN_FS
lcabg,1008.0,Loans/Claims/Advances - Banks & Government - Total,BAL_ANN_FS
lcag,964.0,Loans/Claims/Advances - Government,BAL_ANN_FS
nits,953.0,Net Income - Total (Statutory),IS_ANN_FS
opini,947.0,Operating Income - Non-Life,IS_ANN_FS
afudcc,893.0,Allowance for Funds Used During Construction (Cash Flow),CF_ANN
afudci,893.0,Allowance for Funds Used During Construction (Investing) (Cash Flow),CF_ANN
cdpac,882.0,Capitalized Deferred Polcy Acquisition Costs,BAL_ANN_FS
ssnp,875.0,Securities Sold Not Yet Purchased,BAL_ANN_FS
mtl,869.0,Loans From Securities Finance Companies for Margin Transactions,BAL_ANN_FS
sc,869.0,Securities In Custody,BAL_ANN_FS
sbdc,868.0,Securities Borrowed & Deposited by Customers,BAL_ANN_FS
opili,863.0,Operating Income - Life,IS_ANN_FS
xcomi,861.0,Commissions Expense (Insurance),IS_ANN_FS
chs,859.0,Cash & Deposits - Segregated,BAL_ANN_FS
iobd,842.0,Income - Other (Broker Dealer),IS_ANN_FS
ibki,841.0,Investment Banking Income,IS_ANN_FS
ipobl,841.0,Individual Premiums - Other (Business Line),IS_ANN_FS
acqlntal,840.0,Acquired Loans,BAL_ANN_INDL
ipabl,832.0,Individual Premiums - Annuity (Business Line),IS_ANN_FS
gpobl,831.0,Group Premiums - Other (Business Line),IS_ANN_FS
gprbl,819.0,Group Premiums - Retirement Benefits (Business Line),IS_ANN_FS
iplbl,819.0,Individual Premiums - Life (Business Line),IS_ANN_FS
cfbd,804.0,Commissions & Fees - (Broker/Dealer),IS_ANN_FS
gplbl,804.0,Group Premiums - Life (Business Line),IS_ANN_FS
xcom,775.0,Communications Expense,IS_ANN_FS
bcef,768.0,"Brokerage, Clearing & Exchange Fees",IS_ANN_FS
islt,762.0,Investment Securities - Listed - Total,BAL_ANN_FS
isut,762.0,Investment Securities - Unlisted - Total,BAL_ANN_FS
iphbl,728.0,Individual Premiums - Health (Business Line),IS_ANN_FS
ptran,726.0,Principal Transactions,IS_ANN_FS
gphbl,724.0,Group Premiums - Health (Business Line),IS_ANN_FS
cppbl,720.0,Commercial Property & Casualty Premiums (Business Line),IS_ANN_FS
ppptbl,720.0,Personal Property & Casualty Premiums - Total (Business Line),IS_ANN_FS
lst,718.0,Life Insurance Surrenders & Terminations,IS_ANN_FS
gbbl,709.0,Group Benefits (Business Line),IS_ANN_FS
gptbl,709.0,Group Premiums - Total (Business Line),IS_ANN_FS
ibbl,709.0,Individual Benefits (Business Line),IS_ANN_FS
iptbl,709.0,Individual Premiums - Total (Business Line),IS_ANN_FS
ucustad,690.0,Customer Advances for Construction,BAL_ANN_INDL
xobd,680.0,Expense - Other (Broker/Dealer),IS_ANN_FS
bclr,670.0,Benefits Ceded - Life,IS_ANN_FS
cpcbl,666.0,Commercial Property & Casualty Claims (Business Line),IS_ANN_FS
ppcbl,666.0,Personal Property & Casualty Claims (Business Line),IS_ANN_FS
bcnlr,663.0,Benefits Ceded - Nonlife,IS_ANN_FS
ppphbl,658.0,Personal Property & Casualty Premiums - Homeowners (Business Line),IS_ANN_FS
balr,657.0,Benefits Assumed - Life,IS_ANN_FS
pppabl,655.0,Personal Property & Casualty Premiums - Automobile (Business Line),IS_ANN_FS
pppobl,650.0,Personal Property & Casualty Premiums - Other (Business Line),IS_ANN_FS
opiti,638.0,Operating Income - Total,IS_ANN_FS
cb,588.0,Compensating Balance,BAL_ANN_INDL
uxintd,585.0,Interest on Long-Term Debt,IS_ANN_INDL
banlr,582.0,Benefits Assumed - Nonlife,IS_ANN_FS
lcat,529.0,Loans/Claims/Advances - Total,BAL_ANN_FS
dbi,502.0,Death Benefits - Insurance,IS_ANN_INDL
bctr,473.0,Benefits Ceded - Total,IS_ANN_FS
uopres,472.0,Operating Reserves,BAL_ANN_INDL
acoxar,444.0,Current Assets - Other - Total As Reported,BAL_ANN_FS
utme,392.0,Maintenance Expense - Total,IS_ANN_INDL
xuw,392.0,Other Underwriting Expenses - Insurance,IS_ANN_INDL
fea,388.0,Foreign Exchange Assets,BAL_ANN_FS
fel,388.0,Foreign Exchange Liabilities,BAL_ANN_FS
finrev,387.0,Finance Division Revenue,IS_ANN_INDL
dptb,385.0,Deposits - Total - Banks,BAL_ANN_FS
dpltb,375.0,Deposits - Long-Term Time - Bank,BAL_ANN_FS
dpstb,375.0,Deposits - Short-Term Demand - Bank,BAL_ANN_FS
lcoxar,366.0,Current Liabilities - Other - Total As Reported,BAL_ANN_FS
batr,364.0,Benefits Assumed - Total,IS_ANN_FS
xindb,343.0,Interest Expense - Deposits - Banks,IS_ANN_FS
lcalt,341.0,Loans/Claims/Advances - Long-Term (Banks),BAL_ANN_FS
lcast,341.0,Loans/Claims/Advances - Short-Term - Banks,BAL_ANN_FS
niintpfp,327.0,Not found,Not found
niintpfc,321.0,Not found,Not found
finrecc,312.0,Finance Division Current Receivables,BAL_ANN_INDL
xstfws,308.0,Staff Expense - Wages & Salaries,IS_ANN_FS
cll,290.0,Contingent Liabilities - Letters of Credit,BAL_ANN_FS
finxopr,287.0,Finance Division Operating Expense,IS_ANN_INDL
finxint,278.0,Finance Division Interest Expense,IS_ANN_INDL
amc,263.0,Amortization (Cash Flow) - Utility,CF_ANN
uccons,260.0,Contributions in Aid of Construction,BAL_ANN_INDL
findlt,243.0,Finance Division Debt Long-Term,BAL_ANN_INDL
finreclt,231.0,Finance Division Long-Term Receivables,BAL_ANN_INDL
clis,229.0,Contingent Liabilities - Interest Rate Swaps,BAL_ANN_FS
finch,219.0,Finance Division - Cash,BAL_ANN_INDL
findlc,211.0,Finance Division Long-Term Debt Current,BAL_ANN_INDL
cllc,209.0,Contingent Liabilities - Loan Commitments,BAL_ANN_FS
finao,206.0,"Finance Division Other Long-Term Assets, Total",BAL_ANN_INDL
finnp,186.0,Finance Division Notes Payable,BAL_ANN_INDL
emol,181.0,Directors' Emoluments,IS_ANN_FS
finaco,181.0,"Finance Division Other Current Assets, Total",BAL_ANN_INDL
udpfa,178.0,Depreciation of Fixed Assets,IS_ANN_INDL
stalt,174.0,Status Alert,DES_ANN
add2,164.0,Address Line 2,COMPANY
drci,163.0,Deduction From Policy & Claims Reserves for Reinsurance Ceded,BAL_ANN_FS
clfx,160.0,Contingent Liabilities - Foreign Exchange Commitments,BAL_ANN_FS
finlto,142.0,"Finance Division Other Long Term Liabilities, Total",BAL_ANN_INDL
rmum,136.0,Auditors' Remuneraton,IS_ANN_FS
nieci,120.0,Net Income Effect Capitalized Interest,IS_ANN_INDL
finlco,118.0,"Finance Division Other Current Liabilities, Total",BAL_ANN_INDL
finivst,109.0,Finance Division Short-Term Investments,BAL_ANN_INDL
clfc,107.0,Contingent Liabilities - Forward & Future Contracts,BAL_ANN_FS
clo,107.0,Contingent Liabilities - Other,BAL_ANN_FS
adrr,96.0,ADR Ratio,DES_ANN
acqniintc,67.0,Not found,Not found
arce,61.0,As Reported Core - After-tax,IS_ANN_INDL
arced,61.0,As Reported Core - Diluted EPS Effect,IS_ANN_INDL
arceeps,61.0,As Reported Core - Basic EPS Effect,IS_ANN_INDL
county,36.0,County Code,COMPANY
clt,28.0,Contingent Liabilities - Total,BAL_ANN_FS
fopt,23.0,Funds From Operations - Total,CF_ANN
fsrco,23.0,Sources of Funds - Other,CF_ANN
fsrct,23.0,Sources of Funds - Total,CF_ANN
fuseo,23.0,Uses of Funds - Other,CF_ANN
fuset,23.0,Uses of Funds - Total,CF_ANN
iali,20.0,Investment Assets (Insurance) - Listed Securities-Total,BAL_ANN_FS
iaui,20.0,Investment Assets (Insurance) - Unlisted Securities - Total,BAL_ANN_FS
uxinst,19.0,Interest On Short-Term Debt - Utility,IS_ANN_INDL
prvt,10.0,Policy Reserves - Total (Statutory),BAL_ANN_FS
msvrv,9.0,Mandatory Securities Valuation Reserve (Statutory),BAL_ANN_FS
add3,3.0,Address Line 3,COMPANY
nat,1.0,Nonadmitted Assets - Total (Statutory),BAL_ANN_FS
ppevo,1.0,"Property, Plant, & Equipment - Other Changes (Schedule V)",BAL_ANN_INDL
ppevr,1.0,"Property, Plant & Equipment - Retirements (Schedule V)",BAL_ANN_INDL
cshrc,0.0,Common Shares Reserved for Conversion - Convertible Debt,BAL_ANN_INDL
cshrp,0.0,Common Shares Reserved for Conversion - Preferred Stock,BAL_ANN_INDL
cshrso,0.0,Common Shares Reserved for Conversion - Stock Options,BAL_ANN_INDL
cshrt,0.0,Common Shares Reserved for Conversion - Total,BAL_ANN_INDL
cshrw,0.0,Common Shares Reserved for Conversion - Warrants & Other,BAL_ANN_INDL
dpacb,0.0,Depreciation (Accumulated) Buildings,BAL_ANN_INDL
dpacc,0.0,Depreciation (Accumulated) Construction in Progress,BAL_ANN_INDL
dpacli,0.0,Depreciation (Accumulated) Land & Improvements,BAL_ANN_INDL
dpacls,0.0,Depreciation (Accumulated) - Leases,BAL_ANN_INDL
dpacme,0.0,Depreciation (Accumulated) Machinery & Equipment,BAL_ANN_INDL
dpacnr,0.0,Depreciation (Accumulated) - Natural Resources,BAL_ANN_INDL
dpaco,0.0,Depreciation (Accumulated) Other,BAL_ANN_INDL
dpvio,0.0,Depreciation (Accumulated) - Other Changes (Schedule VI),BAL_ANN_INDL
dpvir,0.0,Depreciation (Accumulated) - Retirements (Schedule VI),BAL_ANN_INDL
dvpibb,0.0,Depreciation (Accumulated) - Beginning Balance (Schedule VI),BAL_ANN_INDL
ppenb,0.0,"Property, Plant, & Equipment - Buildings (Net)",BAL_ANN_INDL
ppenli,0.0,"Property, Plant, & Equipment - Land & Improvements (Net)",BAL_ANN_INDL
ppenls,0.0,"Property, Plant, & Equipment - Leases (Net)",BAL_ANN_INDL
ppenme,0.0,"Property, Plant, & Equipment - Machinery & Equipment (Net)",BAL_ANN_INDL
ppennr,0.0,"Property, Plant, & Equipment - Natural Resources (Net)",BAL_ANN_INDL
ppeno,0.0,"Property, Plant, & Equipment - Other (Net)",BAL_ANN_INDL
tsafc,0.0,Total Sources/Applications of Funds (Cash Flow),CF_ANN
tstkme,0.0,Treasury Stock Book Value - Memo Entry,BAL_ANN_INDL
ufretsd,0.0,Funds for Retirement of Securities & Short-Term Debt (Cash Flow),CF_ANN
unwcc,0.0,Working Capital (Use) - Increase (Decrease) (Cash Flow),CF_ANN
ustdnc,0.0,Short-Term Debt - Decrease (Increase) (Cash Flow),CF_ANN
utfdoc,0.0,Total Funds From Operations (Cash Flow),CF_ANN
utfosc,0.0,Total Funds from Outside Sources (Cash Flow),CF_ANN
uwkcapc,0.0,Working Capital (Source) - Decrease (Increase) (Cash Flow),CF_ANN
wcapc,0.0,Working Capital Change - Other - Increase/(Decrease),CF_ANN
wcapch,0.0,Working Capital Change - Total,CF_ANN
xdepl,0.0,Depletion Expense (Schedule VI),IS_ANN_INDL
xdp,0.0,Depreciation Expense (Schedule VI),IS_ANN_INDL
add4,0.0,Address Line 4,COMPANY
